username,date,description
test,2019-01-01,description1
test,2019-01-02,description2
test,2019-01-03,description3
test,2019-01-04,description4
test,2019-01-05,description5
test,2019-01-06,description6
test,2019-01-07,description7
test,2019-01-08,description8
robbe,2019-01-01,description1
robbe,2019-01-02,description2
robbe,2019-01-03,description3
robbe,2019-01-04,description4
robbe,2019-01-05,description5
robbe,2019-01-06,description6
robbe,2019-01-07,description7
robbe,2019-01-08,description8
john,2019-01-01,description1
john,2019-01-02,description2
john,2019-01-03,description3
john,2019-01-04,description4
john,2019-01-05,description5
john,2019-01-06,description6
john,2019-01-07,description7